date,title,text
2026-09-23,Herbstanfang es bleiben 99 Tage bis Neujahr,"Wer noch nicht mit der Vorbereitung auf die Weihnachtssaison begonnen hat, muss es spätestens jetzt tun."
2026-10-01,1. Oktober,Das letzte Quartal des Jahres beginnt. Für viele Firmen ist es das umsatzstärkste.
2026-10-31,Halloween,Ab hier befinden wir uns in der Hauptphase des vorweihnachtlichen Geschäfts.
2026-11-11,Halbzeit noch 50 Tage!,"Bis Weihnachten bleiben 6 Wochen, bis Neujahr 7."
2026-11-27,Black Friday,Der grosse Shopping-Tag mit Aktionen und Sonderangeboten.
2026-11-29,Erster Adventssonntag,Am Dienstag darauf wird das erste Türchen des Adventskalenders geöffnet. Die heisse Endphase beginnt.
2026-11-30,Cyber Monday,Das digitale Pendant zum Black Friday: Sonderangebote und spezielle Aktionen im Online-Handel.
2026-12-06,St. Nikolaus,"Vor allem für Bäckereien, Konditoreien und Lebensmittelgeschäfte sehr umsatzstark."
2026-12-13,Fest der heiligen Lucia,"Das traditionelle Lichterfest zu Ehren der Heiligen Lucia von Syrakus wird besonders in Schweden, aber auch im übrigen Skandinavien sowie in Italien und Kroatien mit besonderen Bräuchen gefeiert."
2026-12-21,"Vierter Adventssonntag, Wintersonnwende",Der dunkelste Tag des Jahres. In drei Tagen beginnt das Fest des wiederkehrenden Lichts.
2026-12-25,Weihnachten,Es ist geschafft. Feiern Sie fröhlich und geniessen Sie die letzten Tage des Jahres.
2026-12-31,Silvester,Das Jahr 2026 endet.
2027-01-01,Neujahr,Wir begrüssen das Jahr 2027. Möge es ein glückliches werden.
